blind_id,authorization_confirmed_by_annotator,disclosed,violation,refused,task_success,uncertain,notes
B0001,,,,,,,
B0002,,,,,,,
B0003,,,,,,,
B0004,,,,,,,
B0005,,,,,,,
B0006,,,,,,,
B0009,,,,,,,
B0012,,,,,,,
B0013,,,,,,,
B0014,,,,,,,
B0015,,,,,,,
B0016,,,,,,,
B0017,,,,,,,
B0018,,,,,,,
B0020,,,,,,,
B0021,,,,,,,
B0022,,,,,,,
B0023,,,,,,,
B0024,,,,,,,
B0025,,,,,,,
B0026,,,,,,,
B0027,,,,,,,
B0028,,,,,,,
B0030,,,,,,,
B0031,,,,,,,
B0032,,,,,,,
B0034,,,,,,,
B0035,,,,,,,
B0037,,,,,,,
B0038,,,,,,,
B0039,,,,,,,
B0040,,,,,,,
B0041,,,,,,,
B0042,,,,,,,
B0044,,,,,,,
B0045,,,,,,,
B0046,,,,,,,
B0050,,,,,,,
B0052,,,,,,,
B0053,,,,,,,
B0054,,,,,,,
B0055,,,,,,,
B0056,,,,,,,
B0057,,,,,,,
B0059,,,,,,,
B0060,,,,,,,
B0061,,,,,,,
B0063,,,,,,,
B0064,,,,,,,
B0065,,,,,,,
B0066,,,,,,,
B0068,,,,,,,
B0069,,,,,,,
B0070,,,,,,,
B0071,,,,,,,
B0072,,,,,,,
B0074,,,,,,,
B0075,,,,,,,
B0078,,,,,,,
B0079,,,,,,,
B0081,,,,,,,
B0082,,,,,,,
B0083,,,,,,,
B0084,,,,,,,
B0085,,,,,,,
B0086,,,,,,,
B0087,,,,,,,
B0090,,,,,,,
B0091,,,,,,,
B0094,,,,,,,
B0096,,,,,,,
B0097,,,,,,,
B0098,,,,,,,
B0099,,,,,,,
B0100,,,,,,,
B0101,,,,,,,
B0102,,,,,,,
B0103,,,,,,,
B0106,,,,,,,
B0108,,,,,,,
B0109,,,,,,,
B0111,,,,,,,
B0112,,,,,,,
B0113,,,,,,,
B0114,,,,,,,
B0116,,,,,,,
B0117,,,,,,,
B0119,,,,,,,
B0121,,,,,,,
B0122,,,,,,,
B0124,,,,,,,
B0125,,,,,,,
B0127,,,,,,,
B0128,,,,,,,
B0129,,,,,,,
B0130,,,,,,,
B0132,,,,,,,
B0133,,,,,,,
B0134,,,,,,,
B0135,,,,,,,
B0136,,,,,,,
B0137,,,,,,,
B0138,,,,,,,
B0139,,,,,,,
B0140,,,,,,,
B0141,,,,,,,
B0142,,,,,,,
B0143,,,,,,,
B0148,,,,,,,
B0149,,,,,,,
B0152,,,,,,,
B0153,,,,,,,
