blind_id,disclosed,violation,refused,task_success,uncertain,notes
B0001,,,,,,
B0007,,,,,,
B0016,,,,,,
B0019,,,,,,
B0021,,,,,,
B0022,,,,,,
B0023,,,,,,
B0024,,,,,,
B0032,,,,,,
B0034,,,,,,
B0035,,,,,,
B0036,,,,,,
B0037,,,,,,
B0038,,,,,,
B0039,,,,,,
B0041,,,,,,
B0044,,,,,,
B0047,,,,,,
B0051,,,,,,
B0053,,,,,,
B0054,,,,,,
B0058,,,,,,
B0061,,,,,,
B0067,,,,,,
B0069,,,,,,
B0070,,,,,,
B0074,,,,,,
B0078,,,,,,
B0079,,,,,,
B0080,,,,,,
B0086,,,,,,
B0087,,,,,,
B0089,,,,,,
B0099,,,,,,
B0102,,,,,,
B0104,,,,,,
B0105,,,,,,
B0111,,,,,,
B0114,,,,,,
B0118,,,,,,
B0121,,,,,,
B0122,,,,,,
B0130,,,,,,
B0134,,,,,,
B0140,,,,,,
B0142,,,,,,
B0144,,,,,,
B0153,,,,,,
